B2881_G1_SCXHG_01728	k__Bacteria; p__Proteobacteria; c__Gammaproteobacteria; o__Orbales; f__Orbaceae; g__Gilliamella; s__Gilliamella_Acre_G1
B2737_G1_SCGB_02273	k__Bacteria; p__Proteobacteria; c__Gammaproteobacteria; o__Orbales; f__Orbaceae; g__Gilliamella; s__Gilliamella_Acre_G1
B2894_G1_SCXHG_00780	k__Bacteria; p__Proteobacteria; c__Gammaproteobacteria; o__Orbales; f__Orbaceae; g__Gilliamella; s__Gilliamella_Acre_G1
B3000_G1_SCGB_00831	k__Bacteria; p__Proteobacteria; c__Gammaproteobacteria; o__Orbales; f__Orbaceae; g__Gilliamella; s__Gilliamella_Acre_G1
B2776_G1_SCGB_00717	k__Bacteria; p__Proteobacteria; c__Gammaproteobacteria; o__Orbales; f__Orbaceae; g__Gilliamella; s__Gilliamella_Acre_G1
B2781_G1_SCGB_00527	k__Bacteria; p__Proteobacteria; c__Gammaproteobacteria; o__Orbales; f__Orbaceae; g__Gilliamella; s__Gilliamella_Acre_G1
B2887_G1_SCXHG_00257	k__Bacteria; p__Proteobacteria; c__Gammaproteobacteria; o__Orbales; f__Orbaceae; g__Gilliamella; s__Gilliamella_Acre_G1
B2779_G1_SCGB_00527	k__Bacteria; p__Proteobacteria; c__Gammaproteobacteria; o__Orbales; f__Orbaceae; g__Gilliamella; s__Gilliamella_Acre_G1
B2828_G1_SCXHG_00107	k__Bacteria; p__Proteobacteria; c__Gammaproteobacteria; o__Orbales; f__Orbaceae; g__Gilliamella; s__Gilliamella_Acre_G1
H1B0085_G1_SCGB_00533	k__Bacteria; p__Proteobacteria; c__Gammaproteobacteria; o__Orbales; f__Orbaceae; g__Gilliamella; s__Gilliamella_Acre_G1
B2840_G1_SCGB_00257	k__Bacteria; p__Proteobacteria; c__Gammaproteobacteria; o__Orbales; f__Orbaceae; g__Gilliamella; s__Gilliamella_Acre_G1
B3468_G5_SCGB_00330	k__Bacteria; p__Proteobacteria; c__Gammaproteobacteria; o__Orbales; f__Orbaceae; g__Gilliamella; s__Gilliamella_Acre_G5
B3791_G5_SXQL_01464	k__Bacteria; p__Proteobacteria; c__Gammaproteobacteria; o__Orbales; f__Orbaceae; g__Gilliamella; s__Gilliamella_Acre_G5
B3780_G5_SXQL_02072	k__Bacteria; p__Proteobacteria; c__Gammaproteobacteria; o__Orbales; f__Orbaceae; g__Gilliamella; s__Gilliamella_Acre_G5
B3788_G5_SXQL_01273	k__Bacteria; p__Proteobacteria; c__Gammaproteobacteria; o__Orbales; f__Orbaceae; g__Gilliamella; s__Gilliamella_Acre_G5
B3781_G5_SXQL_01375	k__Bacteria; p__Proteobacteria; c__Gammaproteobacteria; o__Orbales; f__Orbaceae; g__Gilliamella; s__Gilliamella_Acre_G5
B3784_G5_SXQL_01065	k__Bacteria; p__Proteobacteria; c__Gammaproteobacteria; o__Orbales; f__Orbaceae; g__Gilliamella; s__Gilliamella_Acre_G5
B3835_G5_SXQL_00557	k__Bacteria; p__Proteobacteria; c__Gammaproteobacteria; o__Orbales; f__Orbaceae; g__Gilliamella; s__Gilliamella_Acre_G5
B2824_G5_SCXHG_02159	k__Bacteria; p__Proteobacteria; c__Gammaproteobacteria; o__Orbales; f__Orbaceae; g__Gilliamella; s__Gilliamella_Acre_G5
B3783_G5_SXQL_01304	k__Bacteria; p__Proteobacteria; c__Gammaproteobacteria; o__Orbales; f__Orbaceae; g__Gilliamella; s__Gilliamella_Acre_G5
B3464_G5_SCGB_00330	k__Bacteria; p__Proteobacteria; c__Gammaproteobacteria; o__Orbales; f__Orbaceae; g__Gilliamella; s__Gilliamella_Acre_G5
B2869_G5_SCXHG_00272	k__Bacteria; p__Proteobacteria; c__Gammaproteobacteria; o__Orbales; f__Orbaceae; g__Gilliamella; s__Gilliamella_Acre_G5
B2969_G5_SCGB_01154	k__Bacteria; p__Proteobacteria; c__Gammaproteobacteria; o__Orbales; f__Orbaceae; g__Gilliamella; s__Gilliamella_Acre_G5
B2838_G5_SCGB_00621	k__Bacteria; p__Proteobacteria; c__Gammaproteobacteria; o__Orbales; f__Orbaceae; g__Gilliamella; s__Gilliamella_Acre_G5
wkB292_G5_Singapore_01997	k__Bacteria; p__Proteobacteria; c__Gammaproteobacteria; o__Orbales; f__Orbaceae; g__Gilliamella; s__Gilliamella_Acre_G5
B3801_G3_YNMZ_00783	k__Bacteria; p__Proteobacteria; c__Gammaproteobacteria; o__Orbales; f__Orbaceae; g__Gilliamella; s__Gilliamella_Acre_G3
B3804_G3_YNMZ_00159	k__Bacteria; p__Proteobacteria; c__Gammaproteobacteria; o__Orbales; f__Orbaceae; g__Gilliamella; s__Gilliamella_Acre_G3
B3815_G3_QHGD_00727	k__Bacteria; p__Proteobacteria; c__Gammaproteobacteria; o__Orbales; f__Orbaceae; g__Gilliamella; s__Gilliamella_Acre_G3
B2717_G3_SCGB_00529	k__Bacteria; p__Proteobacteria; c__Gammaproteobacteria; o__Orbales; f__Orbaceae; g__Gilliamella; s__Gilliamella_Acre_G3
B3825_G3_QHGD_02119	k__Bacteria; p__Proteobacteria; c__Gammaproteobacteria; o__Orbales; f__Orbaceae; g__Gilliamella; s__Gilliamella_Acre_G3
B3823_G3_QHGD_00728	k__Bacteria; p__Proteobacteria; c__Gammaproteobacteria; o__Orbales; f__Orbaceae; g__Gilliamella; s__Gilliamella_Acre_G3
B3831_G3_QHGD_00727	k__Bacteria; p__Proteobacteria; c__Gammaproteobacteria; o__Orbales; f__Orbaceae; g__Gilliamella; s__Gilliamella_Acre_G3
B3817_G3_QHGD_00269	k__Bacteria; p__Proteobacteria; c__Gammaproteobacteria; o__Orbales; f__Orbaceae; g__Gilliamella; s__Gilliamella_Acre_G3
wkB308_G3_Malaysia_01349	k__Bacteria; p__Proteobacteria; c__Gammaproteobacteria; o__Orbales; f__Orbaceae; g__Gilliamella; s__Gilliamella_Acre_G3
B2623_G2_JLDH_01190	k__Bacteria; p__Proteobacteria; c__Gammaproteobacteria; o__Orbales; f__Orbaceae; g__Gilliamella; s__Gilliamella_Acre_G2
B3367_G2_JLDH_01306	k__Bacteria; p__Proteobacteria; c__Gammaproteobacteria; o__Orbales; f__Orbaceae; g__Gilliamella; s__Gilliamella_Acre_G2
B3372_G2_JLDH_01553	k__Bacteria; p__Proteobacteria; c__Gammaproteobacteria; o__Orbales; f__Orbaceae; g__Gilliamella; s__Gilliamella_Acre_G2
B2849_G2_SCGB_00895	k__Bacteria; p__Proteobacteria; c__Gammaproteobacteria; o__Orbales; f__Orbaceae; g__Gilliamella; s__Gilliamella_Acre_G2
B2864_G2_SCGB_01171	k__Bacteria; p__Proteobacteria; c__Gammaproteobacteria; o__Orbales; f__Orbaceae; g__Gilliamella; s__Gilliamella_Acre_G2
B3562_G2_SCGB_00907	k__Bacteria; p__Proteobacteria; c__Gammaproteobacteria; o__Orbales; f__Orbaceae; g__Gilliamella; s__Gilliamella_Acre_G2
B3023_G2_SCGB_00546	k__Bacteria; p__Proteobacteria; c__Gammaproteobacteria; o__Orbales; f__Orbaceae; g__Gilliamella; s__Gilliamella_Acre_G2
B3482_G2_SCGB_00764	k__Bacteria; p__Proteobacteria; c__Gammaproteobacteria; o__Orbales; f__Orbaceae; g__Gilliamella; s__Gilliamella_Acre_G2
wkB195_G2_Malaysia_02083	k__Bacteria; p__Proteobacteria; c__Gammaproteobacteria; o__Orbales; f__Orbaceae; g__Gilliamella; s__Gilliamella_Acre_G2
B2973_G2_SCGB_01039	k__Bacteria; p__Proteobacteria; c__Gammaproteobacteria; o__Orbales; f__Orbaceae; g__Gilliamella; s__Gilliamella_Acre_G2
B3486_G2_SCXHG_00666	k__Bacteria; p__Proteobacteria; c__Gammaproteobacteria; o__Orbales; f__Orbaceae; g__Gilliamella; s__Gilliamella_Acre_G2
B3493_G2_SCXHG_00562	k__Bacteria; p__Proteobacteria; c__Gammaproteobacteria; o__Orbales; f__Orbaceae; g__Gilliamella; s__Gilliamella_Acre_G2
B2865_G2_SCXHG_00830	k__Bacteria; p__Proteobacteria; c__Gammaproteobacteria; o__Orbales; f__Orbaceae; g__Gilliamella; s__Gilliamella_Acre_G2
B2785_G2_SCXHG_00957	k__Bacteria; p__Proteobacteria; c__Gammaproteobacteria; o__Orbales; f__Orbaceae; g__Gilliamella; s__Gilliamella_Acre_G2
B2911_G2_SCGB_00614	k__Bacteria; p__Proteobacteria; c__Gammaproteobacteria; o__Orbales; f__Orbaceae; g__Gilliamella; s__Gilliamella_Acre_G2
wkB72_G2_Malaysia_01527	k__Bacteria; p__Proteobacteria; c__Gammaproteobacteria; o__Orbales; f__Orbaceae; g__Gilliamella; s__Gilliamella_Acre_G2
B2772_G2_SCWL_01241	k__Bacteria; p__Proteobacteria; c__Gammaproteobacteria; o__Orbales; f__Orbaceae; g__Gilliamella; s__Gilliamella_Acre_G2
B2889_G2_SCXHG_01934	k__Bacteria; p__Proteobacteria; c__Gammaproteobacteria; o__Orbales; f__Orbaceae; g__Gilliamella; s__Gilliamella_Acre_G2
B3724_G4_QHGD_00999	k__Bacteria; p__Proteobacteria; c__Gammaproteobacteria; o__Orbales; f__Orbaceae; g__Gilliamella; s__Gilliamella_Acre_G4
B3771_G4_QHGD_00266	k__Bacteria; p__Proteobacteria; c__Gammaproteobacteria; o__Orbales; f__Orbaceae; g__Gilliamella; s__Gilliamella_Acre_G4
B3759_G4_QHGD_00975	k__Bacteria; p__Proteobacteria; c__Gammaproteobacteria; o__Orbales; f__Orbaceae; g__Gilliamella; s__Gilliamella_Acre_G4
B3891_G4_QHGD_00972	k__Bacteria; p__Proteobacteria; c__Gammaproteobacteria; o__Orbales; f__Orbaceae; g__Gilliamella; s__Gilliamella_Acre_G4
B3766_G4_QHGD_00972	k__Bacteria; p__Proteobacteria; c__Gammaproteobacteria; o__Orbales; f__Orbaceae; g__Gilliamella; s__Gilliamella_Acre_G4
B3927_G4_QHGD_00977	k__Bacteria; p__Proteobacteria; c__Gammaproteobacteria; o__Orbales; f__Orbaceae; g__Gilliamella; s__Gilliamella_Acre_G4
B3773_G4_QHGD_00999	k__Bacteria; p__Proteobacteria; c__Gammaproteobacteria; o__Orbales; f__Orbaceae; g__Gilliamella; s__Gilliamella_Acre_G4
B3758_G4_QHGD_00999	k__Bacteria; p__Proteobacteria; c__Gammaproteobacteria; o__Orbales; f__Orbaceae; g__Gilliamella; s__Gilliamella_Acre_G4
B3976_G4_QHGD_00544	k__Bacteria; p__Proteobacteria; c__Gammaproteobacteria; o__Orbales; f__Orbaceae; g__Gilliamella; s__Gilliamella_Acre_G4
B3722_G4_QHGD_00999	k__Bacteria; p__Proteobacteria; c__Gammaproteobacteria; o__Orbales; f__Orbaceae; g__Gilliamella; s__Gilliamella_Acre_G4
B3892_G4_QHGD_01000	k__Bacteria; p__Proteobacteria; c__Gammaproteobacteria; o__Orbales; f__Orbaceae; g__Gilliamella; s__Gilliamella_Acre_G4
B3770_G4_QHGD_00439	k__Bacteria; p__Proteobacteria; c__Gammaproteobacteria; o__Orbales; f__Orbaceae; g__Gilliamella; s__Gilliamella_Acre_G4
B2923_G4_SCGB_00693	k__Bacteria; p__Proteobacteria; c__Gammaproteobacteria; o__Orbales; f__Orbaceae; g__Gilliamella; s__Gilliamella_Acre_G4
B3172_G4_JLDH_01058	k__Bacteria; p__Proteobacteria; c__Gammaproteobacteria; o__Orbales; f__Orbaceae; g__Gilliamella; s__Gilliamella_Acre_G4
B3127_G2_JLDH_02142	k__Bacteria; p__Proteobacteria; c__Gammaproteobacteria; o__Orbales; f__Orbaceae; g__Gilliamella; s__Gilliamella_Acre_G2
B2881_G1_SCXHG_01183	k__Bacteria; p__Proteobacteria; c__Gammaproteobacteria; o__Orbales; f__Orbaceae; g__Gilliamella; s__Gilliamella_Acre_G1
B2894_G1_SCXHG_01158	k__Bacteria; p__Proteobacteria; c__Gammaproteobacteria; o__Orbales; f__Orbaceae; g__Gilliamella; s__Gilliamella_Acre_G1
B2828_G1_SCXHG_01345	k__Bacteria; p__Proteobacteria; c__Gammaproteobacteria; o__Orbales; f__Orbaceae; g__Gilliamella; s__Gilliamella_Acre_G1
B2840_G1_SCGB_01210	k__Bacteria; p__Proteobacteria; c__Gammaproteobacteria; o__Orbales; f__Orbaceae; g__Gilliamella; s__Gilliamella_Acre_G1
B3000_G1_SCGB_00538	k__Bacteria; p__Proteobacteria; c__Gammaproteobacteria; o__Orbales; f__Orbaceae; g__Gilliamella; s__Gilliamella_Acre_G1
B2887_G1_SCXHG_01397	k__Bacteria; p__Proteobacteria; c__Gammaproteobacteria; o__Orbales; f__Orbaceae; g__Gilliamella; s__Gilliamella_Acre_G1
B2737_G1_SCGB_00547	k__Bacteria; p__Proteobacteria; c__Gammaproteobacteria; o__Orbales; f__Orbaceae; g__Gilliamella; s__Gilliamella_Acre_G1
B2776_G1_SCGB_00234	k__Bacteria; p__Proteobacteria; c__Gammaproteobacteria; o__Orbales; f__Orbaceae; g__Gilliamella; s__Gilliamella_Acre_G1
B2781_G1_SCGB_01430	k__Bacteria; p__Proteobacteria; c__Gammaproteobacteria; o__Orbales; f__Orbaceae; g__Gilliamella; s__Gilliamella_Acre_G1
B2779_G1_SCGB_01531	k__Bacteria; p__Proteobacteria; c__Gammaproteobacteria; o__Orbales; f__Orbaceae; g__Gilliamella; s__Gilliamella_Acre_G1
H1B0085_G1_SCGB_01018	k__Bacteria; p__Proteobacteria; c__Gammaproteobacteria; o__Orbales; f__Orbaceae; g__Gilliamella; s__Gilliamella_Acre_G1
B3724_G4_QHGD_01466	k__Bacteria; p__Proteobacteria; c__Gammaproteobacteria; o__Orbales; f__Orbaceae; g__Gilliamella; s__Gilliamella_Acre_G4
B3771_G4_QHGD_01424	k__Bacteria; p__Proteobacteria; c__Gammaproteobacteria; o__Orbales; f__Orbaceae; g__Gilliamella; s__Gilliamella_Acre_G4
B3759_G4_QHGD_01512	k__Bacteria; p__Proteobacteria; c__Gammaproteobacteria; o__Orbales; f__Orbaceae; g__Gilliamella; s__Gilliamella_Acre_G4
B3891_G4_QHGD_01449	k__Bacteria; p__Proteobacteria; c__Gammaproteobacteria; o__Orbales; f__Orbaceae; g__Gilliamella; s__Gilliamella_Acre_G4
B3766_G4_QHGD_01449	k__Bacteria; p__Proteobacteria; c__Gammaproteobacteria; o__Orbales; f__Orbaceae; g__Gilliamella; s__Gilliamella_Acre_G4
B3927_G4_QHGD_01594	k__Bacteria; p__Proteobacteria; c__Gammaproteobacteria; o__Orbales; f__Orbaceae; g__Gilliamella; s__Gilliamella_Acre_G4
B3773_G4_QHGD_01466	k__Bacteria; p__Proteobacteria; c__Gammaproteobacteria; o__Orbales; f__Orbaceae; g__Gilliamella; s__Gilliamella_Acre_G4
B3758_G4_QHGD_01466	k__Bacteria; p__Proteobacteria; c__Gammaproteobacteria; o__Orbales; f__Orbaceae; g__Gilliamella; s__Gilliamella_Acre_G4
B3976_G4_QHGD_02073	k__Bacteria; p__Proteobacteria; c__Gammaproteobacteria; o__Orbales; f__Orbaceae; g__Gilliamella; s__Gilliamella_Acre_G4
B3722_G4_QHGD_01406	k__Bacteria; p__Proteobacteria; c__Gammaproteobacteria; o__Orbales; f__Orbaceae; g__Gilliamella; s__Gilliamella_Acre_G4
B3892_G4_QHGD_01467	k__Bacteria; p__Proteobacteria; c__Gammaproteobacteria; o__Orbales; f__Orbaceae; g__Gilliamella; s__Gilliamella_Acre_G4
B3770_G4_QHGD_00824	k__Bacteria; p__Proteobacteria; c__Gammaproteobacteria; o__Orbales; f__Orbaceae; g__Gilliamella; s__Gilliamella_Acre_G4
B2923_G4_SCGB_01181	k__Bacteria; p__Proteobacteria; c__Gammaproteobacteria; o__Orbales; f__Orbaceae; g__Gilliamella; s__Gilliamella_Acre_G4
B3172_G4_JLDH_01824	k__Bacteria; p__Proteobacteria; c__Gammaproteobacteria; o__Orbales; f__Orbaceae; g__Gilliamella; s__Gilliamella_Acre_G4
B3127_G2_JLDH_00299	k__Bacteria; p__Proteobacteria; c__Gammaproteobacteria; o__Orbales; f__Orbaceae; g__Gilliamella; s__Gilliamella_Acre_G2
B2623_G2_JLDH_01701	k__Bacteria; p__Proteobacteria; c__Gammaproteobacteria; o__Orbales; f__Orbaceae; g__Gilliamella; s__Gilliamella_Acre_G2
B3367_G2_JLDH_01645	k__Bacteria; p__Proteobacteria; c__Gammaproteobacteria; o__Orbales; f__Orbaceae; g__Gilliamella; s__Gilliamella_Acre_G2
B2865_G2_SCXHG_01140	k__Bacteria; p__Proteobacteria; c__Gammaproteobacteria; o__Orbales; f__Orbaceae; g__Gilliamella; s__Gilliamella_Acre_G2
B2785_G2_SCXHG_01912	k__Bacteria; p__Proteobacteria; c__Gammaproteobacteria; o__Orbales; f__Orbaceae; g__Gilliamella; s__Gilliamella_Acre_G2
B3372_G2_JLDH_01423	k__Bacteria; p__Proteobacteria; c__Gammaproteobacteria; o__Orbales; f__Orbaceae; g__Gilliamella; s__Gilliamella_Acre_G2
B2911_G2_SCGB_00909	k__Bacteria; p__Proteobacteria; c__Gammaproteobacteria; o__Orbales; f__Orbaceae; g__Gilliamella; s__Gilliamella_Acre_G2
B2772_G2_SCWL_01966	k__Bacteria; p__Proteobacteria; c__Gammaproteobacteria; o__Orbales; f__Orbaceae; g__Gilliamella; s__Gilliamella_Acre_G2
B2849_G2_SCGB_01586	k__Bacteria; p__Proteobacteria; c__Gammaproteobacteria; o__Orbales; f__Orbaceae; g__Gilliamella; s__Gilliamella_Acre_G2
B2864_G2_SCGB_01676	k__Bacteria; p__Proteobacteria; c__Gammaproteobacteria; o__Orbales; f__Orbaceae; g__Gilliamella; s__Gilliamella_Acre_G2
B3562_G2_SCGB_01584	k__Bacteria; p__Proteobacteria; c__Gammaproteobacteria; o__Orbales; f__Orbaceae; g__Gilliamella; s__Gilliamella_Acre_G2
B3023_G2_SCGB_00106	k__Bacteria; p__Proteobacteria; c__Gammaproteobacteria; o__Orbales; f__Orbaceae; g__Gilliamella; s__Gilliamella_Acre_G2
wkB72_G2_Malaysia_00233	k__Bacteria; p__Proteobacteria; c__Gammaproteobacteria; o__Orbales; f__Orbaceae; g__Gilliamella; s__Gilliamella_Acre_G2
B3482_G2_SCGB_01922	k__Bacteria; p__Proteobacteria; c__Gammaproteobacteria; o__Orbales; f__Orbaceae; g__Gilliamella; s__Gilliamella_Acre_G2
B2889_G2_SCXHG_00393	k__Bacteria; p__Proteobacteria; c__Gammaproteobacteria; o__Orbales; f__Orbaceae; g__Gilliamella; s__Gilliamella_Acre_G2
B2973_G2_SCGB_01647	k__Bacteria; p__Proteobacteria; c__Gammaproteobacteria; o__Orbales; f__Orbaceae; g__Gilliamella; s__Gilliamella_Acre_G2
B3486_G2_SCXHG_01723	k__Bacteria; p__Proteobacteria; c__Gammaproteobacteria; o__Orbales; f__Orbaceae; g__Gilliamella; s__Gilliamella_Acre_G2
B3493_G2_SCXHG_01842	k__Bacteria; p__Proteobacteria; c__Gammaproteobacteria; o__Orbales; f__Orbaceae; g__Gilliamella; s__Gilliamella_Acre_G2
wkB195_G2_Malaysia_01060	k__Bacteria; p__Proteobacteria; c__Gammaproteobacteria; o__Orbales; f__Orbaceae; g__Gilliamella; s__Gilliamella_Acre_G2
B3468_G5_SCGB_01768	k__Bacteria; p__Proteobacteria; c__Gammaproteobacteria; o__Orbales; f__Orbaceae; g__Gilliamella; s__Gilliamella_Acre_G5
B3464_G5_SCGB_01819	k__Bacteria; p__Proteobacteria; c__Gammaproteobacteria; o__Orbales; f__Orbaceae; g__Gilliamella; s__Gilliamella_Acre_G5
B2969_G5_SCGB_01471	k__Bacteria; p__Proteobacteria; c__Gammaproteobacteria; o__Orbales; f__Orbaceae; g__Gilliamella; s__Gilliamella_Acre_G5
B3791_G5_SXQL_01813	k__Bacteria; p__Proteobacteria; c__Gammaproteobacteria; o__Orbales; f__Orbaceae; g__Gilliamella; s__Gilliamella_Acre_G5
B3780_G5_SXQL_00530	k__Bacteria; p__Proteobacteria; c__Gammaproteobacteria; o__Orbales; f__Orbaceae; g__Gilliamella; s__Gilliamella_Acre_G5
B3788_G5_SXQL_01927	k__Bacteria; p__Proteobacteria; c__Gammaproteobacteria; o__Orbales; f__Orbaceae; g__Gilliamella; s__Gilliamella_Acre_G5
B3784_G5_SXQL_01811	k__Bacteria; p__Proteobacteria; c__Gammaproteobacteria; o__Orbales; f__Orbaceae; g__Gilliamella; s__Gilliamella_Acre_G5
B3835_G5_SXQL_01926	k__Bacteria; p__Proteobacteria; c__Gammaproteobacteria; o__Orbales; f__Orbaceae; g__Gilliamella; s__Gilliamella_Acre_G5
B3783_G5_SXQL_01814	k__Bacteria; p__Proteobacteria; c__Gammaproteobacteria; o__Orbales; f__Orbaceae; g__Gilliamella; s__Gilliamella_Acre_G5
B2838_G5_SCGB_01501	k__Bacteria; p__Proteobacteria; c__Gammaproteobacteria; o__Orbales; f__Orbaceae; g__Gilliamella; s__Gilliamella_Acre_G5
B2824_G5_SCXHG_00248	k__Bacteria; p__Proteobacteria; c__Gammaproteobacteria; o__Orbales; f__Orbaceae; g__Gilliamella; s__Gilliamella_Acre_G5
B2869_G5_SCXHG_01460	k__Bacteria; p__Proteobacteria; c__Gammaproteobacteria; o__Orbales; f__Orbaceae; g__Gilliamella; s__Gilliamella_Acre_G5
wkB292_G5_Singapore_00918	k__Bacteria; p__Proteobacteria; c__Gammaproteobacteria; o__Orbales; f__Orbaceae; g__Gilliamella; s__Gilliamella_Acre_G5
B3801_G3_YNMZ_00205	k__Bacteria; p__Proteobacteria; c__Gammaproteobacteria; o__Orbales; f__Orbaceae; g__Gilliamella; s__Gilliamella_Acre_G3
B3804_G3_YNMZ_00404	k__Bacteria; p__Proteobacteria; c__Gammaproteobacteria; o__Orbales; f__Orbaceae; g__Gilliamella; s__Gilliamella_Acre_G3
B3815_G3_QHGD_01055	k__Bacteria; p__Proteobacteria; c__Gammaproteobacteria; o__Orbales; f__Orbaceae; g__Gilliamella; s__Gilliamella_Acre_G3
B3825_G3_QHGD_01004	k__Bacteria; p__Proteobacteria; c__Gammaproteobacteria; o__Orbales; f__Orbaceae; g__Gilliamella; s__Gilliamella_Acre_G3
B3823_G3_QHGD_00840	k__Bacteria; p__Proteobacteria; c__Gammaproteobacteria; o__Orbales; f__Orbaceae; g__Gilliamella; s__Gilliamella_Acre_G3
B3812_G3_QHGD_01672	k__Bacteria; p__Proteobacteria; c__Gammaproteobacteria; o__Orbales; f__Orbaceae; g__Gilliamella; s__Gilliamella_Acre_G3
B3831_G3_QHGD_01055	k__Bacteria; p__Proteobacteria; c__Gammaproteobacteria; o__Orbales; f__Orbaceae; g__Gilliamella; s__Gilliamella_Acre_G3
B3817_G3_QHGD_01023	k__Bacteria; p__Proteobacteria; c__Gammaproteobacteria; o__Orbales; f__Orbaceae; g__Gilliamella; s__Gilliamella_Acre_G3
B2717_G3_SCGB_00247	k__Bacteria; p__Proteobacteria; c__Gammaproteobacteria; o__Orbales; f__Orbaceae; g__Gilliamella; s__Gilliamella_Acre_G3
wkB308_G3_Malaysia_00934	k__Bacteria; p__Proteobacteria; c__Gammaproteobacteria; o__Orbales; f__Orbaceae; g__Gilliamella; s__Gilliamella_Acre_G3
B2881_G1_SCXHG_00839	k__Bacteria; p__Proteobacteria; c__Gammaproteobacteria; o__Orbales; f__Orbaceae; g__Gilliamella; s__Gilliamella_Acre_G1
B2737_G1_SCGB_01159	k__Bacteria; p__Proteobacteria; c__Gammaproteobacteria; o__Orbales; f__Orbaceae; g__Gilliamella; s__Gilliamella_Acre_G1
B2840_G1_SCGB_00027	k__Bacteria; p__Proteobacteria; c__Gammaproteobacteria; o__Orbales; f__Orbaceae; g__Gilliamella; s__Gilliamella_Acre_G1
B2894_G1_SCXHG_00550	k__Bacteria; p__Proteobacteria; c__Gammaproteobacteria; o__Orbales; f__Orbaceae; g__Gilliamella; s__Gilliamella_Acre_G1
B3000_G1_SCGB_00603	k__Bacteria; p__Proteobacteria; c__Gammaproteobacteria; o__Orbales; f__Orbaceae; g__Gilliamella; s__Gilliamella_Acre_G1
B2776_G1_SCGB_00946	k__Bacteria; p__Proteobacteria; c__Gammaproteobacteria; o__Orbales; f__Orbaceae; g__Gilliamella; s__Gilliamella_Acre_G1
B2781_G1_SCGB_00756	k__Bacteria; p__Proteobacteria; c__Gammaproteobacteria; o__Orbales; f__Orbaceae; g__Gilliamella; s__Gilliamella_Acre_G1
B2887_G1_SCXHG_00027	k__Bacteria; p__Proteobacteria; c__Gammaproteobacteria; o__Orbales; f__Orbaceae; g__Gilliamella; s__Gilliamella_Acre_G1
B2779_G1_SCGB_00756	k__Bacteria; p__Proteobacteria; c__Gammaproteobacteria; o__Orbales; f__Orbaceae; g__Gilliamella; s__Gilliamella_Acre_G1
B2828_G1_SCXHG_00337	k__Bacteria; p__Proteobacteria; c__Gammaproteobacteria; o__Orbales; f__Orbaceae; g__Gilliamella; s__Gilliamella_Acre_G1
H1B0085_G1_SCGB_00304	k__Bacteria; p__Proteobacteria; c__Gammaproteobacteria; o__Orbales; f__Orbaceae; g__Gilliamella; s__Gilliamella_Acre_G1
B3724_G4_QHGD_00392	k__Bacteria; p__Proteobacteria; c__Gammaproteobacteria; o__Orbales; f__Orbaceae; g__Gilliamella; s__Gilliamella_Acre_G4
B3771_G4_QHGD_02057	k__Bacteria; p__Proteobacteria; c__Gammaproteobacteria; o__Orbales; f__Orbaceae; g__Gilliamella; s__Gilliamella_Acre_G4
B3759_G4_QHGD_00392	k__Bacteria; p__Proteobacteria; c__Gammaproteobacteria; o__Orbales; f__Orbaceae; g__Gilliamella; s__Gilliamella_Acre_G4
B3891_G4_QHGD_00389	k__Bacteria; p__Proteobacteria; c__Gammaproteobacteria; o__Orbales; f__Orbaceae; g__Gilliamella; s__Gilliamella_Acre_G4
B3766_G4_QHGD_00389	k__Bacteria; p__Proteobacteria; c__Gammaproteobacteria; o__Orbales; f__Orbaceae; g__Gilliamella; s__Gilliamella_Acre_G4
B3927_G4_QHGD_00389	k__Bacteria; p__Proteobacteria; c__Gammaproteobacteria; o__Orbales; f__Orbaceae; g__Gilliamella; s__Gilliamella_Acre_G4
B3773_G4_QHGD_00138	k__Bacteria; p__Proteobacteria; c__Gammaproteobacteria; o__Orbales; f__Orbaceae; g__Gilliamella; s__Gilliamella_Acre_G4
B3758_G4_QHGD_00138	k__Bacteria; p__Proteobacteria; c__Gammaproteobacteria; o__Orbales; f__Orbaceae; g__Gilliamella; s__Gilliamella_Acre_G4
B3976_G4_QHGD_01404	k__Bacteria; p__Proteobacteria; c__Gammaproteobacteria; o__Orbales; f__Orbaceae; g__Gilliamella; s__Gilliamella_Acre_G4
B3722_G4_QHGD_00392	k__Bacteria; p__Proteobacteria; c__Gammaproteobacteria; o__Orbales; f__Orbaceae; g__Gilliamella; s__Gilliamella_Acre_G4
B3892_G4_QHGD_00392	k__Bacteria; p__Proteobacteria; c__Gammaproteobacteria; o__Orbales; f__Orbaceae; g__Gilliamella; s__Gilliamella_Acre_G4
B3770_G4_QHGD_01187	k__Bacteria; p__Proteobacteria; c__Gammaproteobacteria; o__Orbales; f__Orbaceae; g__Gilliamella; s__Gilliamella_Acre_G4
B3172_G4_JLDH_00411	k__Bacteria; p__Proteobacteria; c__Gammaproteobacteria; o__Orbales; f__Orbaceae; g__Gilliamella; s__Gilliamella_Acre_G4
B3127_G2_JLDH_01022	k__Bacteria; p__Proteobacteria; c__Gammaproteobacteria; o__Orbales; f__Orbaceae; g__Gilliamella; s__Gilliamella_Acre_G2
B2923_G4_SCGB_00401	k__Bacteria; p__Proteobacteria; c__Gammaproteobacteria; o__Orbales; f__Orbaceae; g__Gilliamella; s__Gilliamella_Acre_G4
B2623_G2_JLDH_01336	k__Bacteria; p__Proteobacteria; c__Gammaproteobacteria; o__Orbales; f__Orbaceae; g__Gilliamella; s__Gilliamella_Acre_G2
B3367_G2_JLDH_01452	k__Bacteria; p__Proteobacteria; c__Gammaproteobacteria; o__Orbales; f__Orbaceae; g__Gilliamella; s__Gilliamella_Acre_G2
B3372_G2_JLDH_01232	k__Bacteria; p__Proteobacteria; c__Gammaproteobacteria; o__Orbales; f__Orbaceae; g__Gilliamella; s__Gilliamella_Acre_G2
B2911_G2_SCGB_02020	k__Bacteria; p__Proteobacteria; c__Gammaproteobacteria; o__Orbales; f__Orbaceae; g__Gilliamella; s__Gilliamella_Acre_G2
B2849_G2_SCGB_02084	k__Bacteria; p__Proteobacteria; c__Gammaproteobacteria; o__Orbales; f__Orbaceae; g__Gilliamella; s__Gilliamella_Acre_G2
B2864_G2_SCGB_02113	k__Bacteria; p__Proteobacteria; c__Gammaproteobacteria; o__Orbales; f__Orbaceae; g__Gilliamella; s__Gilliamella_Acre_G2
B3562_G2_SCGB_02093	k__Bacteria; p__Proteobacteria; c__Gammaproteobacteria; o__Orbales; f__Orbaceae; g__Gilliamella; s__Gilliamella_Acre_G2
B3023_G2_SCGB_01869	k__Bacteria; p__Proteobacteria; c__Gammaproteobacteria; o__Orbales; f__Orbaceae; g__Gilliamella; s__Gilliamella_Acre_G2
wkB195_G2_Malaysia_01809	k__Bacteria; p__Proteobacteria; c__Gammaproteobacteria; o__Orbales; f__Orbaceae; g__Gilliamella; s__Gilliamella_Acre_G2
B2865_G2_SCXHG_02142	k__Bacteria; p__Proteobacteria; c__Gammaproteobacteria; o__Orbales; f__Orbaceae; g__Gilliamella; s__Gilliamella_Acre_G2
B2785_G2_SCXHG_02164	k__Bacteria; p__Proteobacteria; c__Gammaproteobacteria; o__Orbales; f__Orbaceae; g__Gilliamella; s__Gilliamella_Acre_G2
wkB72_G2_Malaysia_00316	k__Bacteria; p__Proteobacteria; c__Gammaproteobacteria; o__Orbales; f__Orbaceae; g__Gilliamella; s__Gilliamella_Acre_G2
B2973_G2_SCGB_00890	k__Bacteria; p__Proteobacteria; c__Gammaproteobacteria; o__Orbales; f__Orbaceae; g__Gilliamella; s__Gilliamella_Acre_G2
B3486_G2_SCXHG_00814	k__Bacteria; p__Proteobacteria; c__Gammaproteobacteria; o__Orbales; f__Orbaceae; g__Gilliamella; s__Gilliamella_Acre_G2
B3493_G2_SCXHG_01447	k__Bacteria; p__Proteobacteria; c__Gammaproteobacteria; o__Orbales; f__Orbaceae; g__Gilliamella; s__Gilliamella_Acre_G2
B2772_G2_SCWL_01386	k__Bacteria; p__Proteobacteria; c__Gammaproteobacteria; o__Orbales; f__Orbaceae; g__Gilliamella; s__Gilliamella_Acre_G2
B2889_G2_SCXHG_01788	k__Bacteria; p__Proteobacteria; c__Gammaproteobacteria; o__Orbales; f__Orbaceae; g__Gilliamella; s__Gilliamella_Acre_G2
B3482_G2_SCGB_00901	k__Bacteria; p__Proteobacteria; c__Gammaproteobacteria; o__Orbales; f__Orbaceae; g__Gilliamella; s__Gilliamella_Acre_G2
B3468_G5_SCGB_00084	k__Bacteria; p__Proteobacteria; c__Gammaproteobacteria; o__Orbales; f__Orbaceae; g__Gilliamella; s__Gilliamella_Acre_G5
B3464_G5_SCGB_00084	k__Bacteria; p__Proteobacteria; c__Gammaproteobacteria; o__Orbales; f__Orbaceae; g__Gilliamella; s__Gilliamella_Acre_G5
B2969_G5_SCGB_01627	k__Bacteria; p__Proteobacteria; c__Gammaproteobacteria; o__Orbales; f__Orbaceae; g__Gilliamella; s__Gilliamella_Acre_G5
B3791_G5_SXQL_01062	k__Bacteria; p__Proteobacteria; c__Gammaproteobacteria; o__Orbales; f__Orbaceae; g__Gilliamella; s__Gilliamella_Acre_G5
B3780_G5_SXQL_00156	k__Bacteria; p__Proteobacteria; c__Gammaproteobacteria; o__Orbales; f__Orbaceae; g__Gilliamella; s__Gilliamella_Acre_G5
B3788_G5_SXQL_00565	k__Bacteria; p__Proteobacteria; c__Gammaproteobacteria; o__Orbales; f__Orbaceae; g__Gilliamella; s__Gilliamella_Acre_G5
B3781_G5_SXQL_00364	k__Bacteria; p__Proteobacteria; c__Gammaproteobacteria; o__Orbales; f__Orbaceae; g__Gilliamella; s__Gilliamella_Acre_G5
B3784_G5_SXQL_00085	k__Bacteria; p__Proteobacteria; c__Gammaproteobacteria; o__Orbales; f__Orbaceae; g__Gilliamella; s__Gilliamella_Acre_G5
B3835_G5_SXQL_00811	k__Bacteria; p__Proteobacteria; c__Gammaproteobacteria; o__Orbales; f__Orbaceae; g__Gilliamella; s__Gilliamella_Acre_G5
B3783_G5_SXQL_00640	k__Bacteria; p__Proteobacteria; c__Gammaproteobacteria; o__Orbales; f__Orbaceae; g__Gilliamella; s__Gilliamella_Acre_G5
B2824_G5_SCXHG_01906	k__Bacteria; p__Proteobacteria; c__Gammaproteobacteria; o__Orbales; f__Orbaceae; g__Gilliamella; s__Gilliamella_Acre_G5
B2869_G5_SCXHG_00019	k__Bacteria; p__Proteobacteria; c__Gammaproteobacteria; o__Orbales; f__Orbaceae; g__Gilliamella; s__Gilliamella_Acre_G5
B2838_G5_SCGB_00373	k__Bacteria; p__Proteobacteria; c__Gammaproteobacteria; o__Orbales; f__Orbaceae; g__Gilliamella; s__Gilliamella_Acre_G5
wkB292_G5_Singapore_00525	k__Bacteria; p__Proteobacteria; c__Gammaproteobacteria; o__Orbales; f__Orbaceae; g__Gilliamella; s__Gilliamella_Acre_G5
B3801_G3_YNMZ_00965	k__Bacteria; p__Proteobacteria; c__Gammaproteobacteria; o__Orbales; f__Orbaceae; g__Gilliamella; s__Gilliamella_Acre_G3
B3804_G3_YNMZ_00674	k__Bacteria; p__Proteobacteria; c__Gammaproteobacteria; o__Orbales; f__Orbaceae; g__Gilliamella; s__Gilliamella_Acre_G3
B3815_G3_QHGD_01396	k__Bacteria; p__Proteobacteria; c__Gammaproteobacteria; o__Orbales; f__Orbaceae; g__Gilliamella; s__Gilliamella_Acre_G3
B3825_G3_QHGD_00888	k__Bacteria; p__Proteobacteria; c__Gammaproteobacteria; o__Orbales; f__Orbaceae; g__Gilliamella; s__Gilliamella_Acre_G3
B3823_G3_QHGD_01403	k__Bacteria; p__Proteobacteria; c__Gammaproteobacteria; o__Orbales; f__Orbaceae; g__Gilliamella; s__Gilliamella_Acre_G3
B3812_G3_QHGD_01311	k__Bacteria; p__Proteobacteria; c__Gammaproteobacteria; o__Orbales; f__Orbaceae; g__Gilliamella; s__Gilliamella_Acre_G3
B3831_G3_QHGD_01402	k__Bacteria; p__Proteobacteria; c__Gammaproteobacteria; o__Orbales; f__Orbaceae; g__Gilliamella; s__Gilliamella_Acre_G3
B3817_G3_QHGD_00089	k__Bacteria; p__Proteobacteria; c__Gammaproteobacteria; o__Orbales; f__Orbaceae; g__Gilliamella; s__Gilliamella_Acre_G3
B2717_G3_SCGB_01505	k__Bacteria; p__Proteobacteria; c__Gammaproteobacteria; o__Orbales; f__Orbaceae; g__Gilliamella; s__Gilliamella_Acre_G3
wkB308_G3_Malaysia_02106	k__Bacteria; p__Proteobacteria; c__Gammaproteobacteria; o__Orbales; f__Orbaceae; g__Gilliamella; s__Gilliamella_Acre_G3
